{
  "rounds": 20,
  "kernel": "6.18.7-76061807-generic",
  "machine": "x86_64",
  "binary": "/home/wangcong/projects/sandlock/target/release/sandlock",
  "suites": {
    "Trivial command": {
      "bare": {
        "median_ms": 1.346802499028854,
        "mean_ms": 1.3369221487664618,
        "stdev_ms": 0.3081311234316011,
        "min_ms": 0.9183670044876635,
        "n": 20,
        "raw_ms": [
          1.5299569931812584,
          1.841663004597649,
          1.336333021754399,
          1.1297439923509955,
          1.3920980272814631,
          1.350639999145642,
          1.4445169945247471,
          0.9334560018032789,
          1.1563950101844966,
          1.3429649989120662,
          1.913217973196879,
          0.9459790016990155,
          1.4606770128011703,
          1.7943749844562262,
          1.5453160158358514,
          1.124653994338587,
          1.0197179799433798,
          0.980613986030221,
          0.9183670044876635,
          1.5777569788042456
        ]
      },
      "sandlock": {
        "median_ms": 5.561664016568102,
        "mean_ms": 5.683024752943311,
        "stdev_ms": 0.5748288295477841,
        "min_ms": 4.721989971585572,
        "n": 20,
        "raw_ms": [
          5.54446701426059,
          5.300658027408645,
          5.839863006258383,
          6.76774702151306,
          7.061629992676899,
          6.069003022275865,
          5.287153006065637,
          5.2928430086467415,
          5.014219990698621,
          5.166194983758032,
          6.030449992977083,
          5.299025011481717,
          5.500834988197312,
          5.578861018875614,
          5.52649301243946,
          5.762457003584132,
          6.434581009671092,
          4.721989971585572,
          5.766833986854181,
          5.6951899896375835
        ]
      },
      "docker": {
        "median_ms": 248.70923650451005,
        "mean_ms": 251.32123639778,
        "stdev_ms": 9.846893855978177,
        "min_ms": 233.78760000923648,
        "n": 20,
        "raw_ms": [
          245.38107198895887,
          246.39930698322132,
          254.4959039951209,
          254.7496509796474,
          267.5808909989428,
          254.69459700980224,
          248.3975249924697,
          264.57288398523815,
          259.6022770158015,
          241.89377500442788,
          248.63183600245975,
          254.43629099754617,
          248.78663700656034,
          241.13798298640177,
          263.7740320060402,
          233.78760000923648,
          243.33304099855013,
          269.0191649890039,
          247.01623799046502,
          238.7340220157057
        ]
      }
    },
    "Python one-liner": {
      "bare": {
        "median_ms": 18.83955350785982,
        "mean_ms": 20.068038505269215,
        "stdev_ms": 3.509682492475619,
        "min_ms": 17.43921500747092,
        "n": 20,
        "raw_ms": [
          18.31685600336641,
          18.077815999276936,
          18.930899997940287,
          17.43921500747092,
          20.273315021768212,
          18.507123982999474,
          20.029156003147364,
          17.85547798499465,
          18.69500702014193,
          18.74820701777935,
          21.925581997493282,
          26.147933007450774,
          19.9749440071173,
          18.994169018696994,
          32.25079900585115,
          21.233942010439932,
          18.176192010287195,
          17.530858021927997,
          17.600177990971133,
          20.653098996262997
        ]
      },
      "sandlock": {
        "median_ms": 30.31583601841703,
        "mean_ms": 30.501956203079317,
        "stdev_ms": 1.7222270671065842,
        "min_ms": 27.67542499350384,
        "n": 20,
        "raw_ms": [
          30.353021022165194,
          28.750055993441492,
          32.47687398106791,
          28.01671699853614,
          31.28968199598603,
          27.67542499350384,
          29.627206007717177,
          31.573737011058256,
          29.637175000971183,
          30.98806500202045,
          32.084576989291236,
          34.21438200166449,
          32.032529008574784,
          28.85704700020142,
          31.63575302460231,
          29.553466010838747,
          30.278651014668867,
          29.3127850163728,
          29.043046990409493,
          32.63892899849452
        ]
      },
      "docker": {
        "median_ms": 271.4619395119371,
        "mean_ms": 275.7041996519547,
        "stdev_ms": 16.005257751263652,
        "min_ms": 257.2456640191376,
        "n": 20,
        "raw_ms": [
          261.6901329893153,
          257.2807800024748,
          268.13138599391095,
          264.7614190063905,
          263.4599110169802,
          270.0230840127915,
          265.32081101322547,
          279.8065120005049,
          286.2085410160944,
          303.36639800225385,
          273.71630899142474,
          283.1301020050887,
          292.6453049876727,
          279.87028198549524,
          284.96758799883537,
          268.53096700506285,
          261.49716999498196,
          257.2456640191376,
          272.90079501108266,
          319.5308359863702
        ]
      }
    },
    "Python with imports": {
      "bare": {
        "median_ms": 25.65488549589645,
        "mean_ms": 26.16196090093581,
        "stdev_ms": 1.1829180527033838,
        "min_ms": 24.852095026290044,
        "n": 20,
        "raw_ms": [
          25.319203996332362,
          26.73352402052842,
          27.24044700153172,
          25.745216000359505,
          27.665545989293605,
          25.564554991433397,
          25.46989798429422,
          25.96069101127796,
          25.37126198876649,
          26.80435701040551,
          25.46618998167105,
          25.37344698794186,
          26.324153994210064,
          25.111824012128636,
          25.33165700151585,
          29.43616601987742,
          24.852095026290044,
          25.048925017472357,
          26.422117982292548,
          27.99794200109318
        ]
      },
      "sandlock": {
        "median_ms": 38.406475985539146,
        "mean_ms": 38.68813979352126,
        "stdev_ms": 1.679817286201656,
        "min_ms": 36.50577098596841,
        "n": 20,
        "raw_ms": [
          39.26055200281553,
          39.82096599065699,
          38.69686200050637,
          38.490593986352906,
          36.50577098596841,
          40.333008975721896,
          41.13192000659183,
          37.582535995170474,
          39.39618598087691,
          43.7383420066908,
          37.76442899834365,
          37.493147974601015,
          39.0728089842014,
          37.57290801149793,
          39.0857029997278,
          38.322357984725386,
          37.084138981299475,
          37.836803996469826,
          37.05687800538726,
          37.51688200281933
        ]
      },
      "docker": {
        "median_ms": 277.24775501701515,
        "mean_ms": 277.27180544898147,
        "stdev_ms": 10.866764417860102,
        "min_ms": 264.4612839794718,
        "n": 20,
        "raw_ms": [
          270.94995699007995,
          307.42772499797866,
          289.0792489924934,
          291.4801140141208,
          282.3207100154832,
          266.9270109909121,
          265.38190501742065,
          283.89410898671485,
          277.0523530198261,
          270.717790001072,
          277.4431570142042,
          268.5498429927975,
          277.47430599993095,
          277.5252009741962,
          266.66032898356207,
          280.55857599247247,
          266.60590700339526,
          273.59240502119064,
          287.33417799230665,
          264.4612839794718
        ]
      }
    }
  }
}